set names utf8;

truncate table `tbl_pay_product`;
replace into `tbl_pay_product`(`id`, `amount`, `desc`) values(1, 25, '月卡25元');
replace into `tbl_pay_product`(`id`, `amount`, `desc`) values(2, 6, '充值包6元');
replace into `tbl_pay_product`(`id`, `amount`, `desc`) values(3, 30, '充值包30元');
replace into `tbl_pay_product`(`id`, `amount`, `desc`) values(4, 60, '充值包60元');
replace into `tbl_pay_product`(`id`, `amount`, `desc`) values(5, 98, '充值包98元');
replace into `tbl_pay_product`(`id`, `amount`, `desc`) values(6, 168, '充值包168元');
replace into `tbl_pay_product`(`id`, `amount`, `desc`) values(7, 328, '充值包328元');
replace into `tbl_pay_product`(`id`, `amount`, `desc`) values(8, 648, '充值包648元');

truncate table `tbl_platform`;
replace into `tbl_platform`(`id`, `desc`) values(21, '安卓全渠道');
replace into `tbl_platform`(`id`, `desc`) values(22, '啪啪游戏厅');
replace into `tbl_platform`(`id`, `desc`) values(23, 'ios正版');
replace into `tbl_platform`(`id`, `desc`) values(24, 'ios越狱');
replace into `tbl_platform`(`id`, `desc`) values(25, 'XY助手');

truncate table `tbl_channel`;
replace into `tbl_channel`(`id`, `desc`, `platform_id`) values('000002', '机锋',                         21);
replace into `tbl_channel`(`id`, `desc`, `platform_id`) values('000003', '当乐',                         21);
replace into `tbl_channel`(`id`, `desc`, `platform_id`) values('000005', '安智市场',                     21);
replace into `tbl_channel`(`id`, `desc`, `platform_id`) values('000014', '魅族应用商店',                 21);
replace into `tbl_channel`(`id`, `desc`, `platform_id`) values('000016', '联想应用商店',                 21);
replace into `tbl_channel`(`id`, `desc`, `platform_id`) values('000020', '可可游戏中心(OPPO)',           21);
replace into `tbl_channel`(`id`, `desc`, `platform_id`) values('000023', '360手机助手',                  21);
replace into `tbl_channel`(`id`, `desc`, `platform_id`) values('000066', '小米应用商店',                 21);
replace into `tbl_channel`(`id`, `desc`, `platform_id`) values('000078', '酷派应用商店',                 21);
replace into `tbl_channel`(`id`, `desc`, `platform_id`) values('000084', '金立应用商店',                 21);
replace into `tbl_channel`(`id`, `desc`, `platform_id`) values('000108', '4399手机开放平台',             21);
replace into `tbl_channel`(`id`, `desc`, `platform_id`) values('000116', '豌豆荚',                       21);
replace into `tbl_channel`(`id`, `desc`, `platform_id`) values('001201', '果盘安卓',                     21);
replace into `tbl_channel`(`id`, `desc`, `platform_id`) values('000247', '拇指玩',                       21);
replace into `tbl_channel`(`id`, `desc`, `platform_id`) values('000255', 'UC',                           21);
replace into `tbl_channel`(`id`, `desc`, `platform_id`) values('000323', '泡椒',                         21);
replace into `tbl_channel`(`id`, `desc`, `platform_id`) values('000368', '步步高应用商店',               21);
replace into `tbl_channel`(`id`, `desc`, `platform_id`) values('000440', '酷狗音乐',                     21);
replace into `tbl_channel`(`id`, `desc`, `platform_id`) values('000442', 'PPS',                          21);
replace into `tbl_channel`(`id`, `desc`, `platform_id`) values('000458', '美图秀秀',                      0);
replace into `tbl_channel`(`id`, `desc`, `platform_id`) values('000466', '优酷',                         21);
replace into `tbl_channel`(`id`, `desc`, `platform_id`) values('000551', '聚乐游戏',                     21);
replace into `tbl_channel`(`id`, `desc`, `platform_id`) values('000683', '7k7k',                         21);
replace into `tbl_channel`(`id`, `desc`, `platform_id`) values('000997', '狐狸助手',                      0);
replace into `tbl_channel`(`id`, `desc`, `platform_id`) values('001104', '海马',                         21);
replace into `tbl_channel`(`id`, `desc`, `platform_id`) values('001205', '乐视手机',                     21);
replace into `tbl_channel`(`id`, `desc`, `platform_id`) values('110000', '百度游戏',                     21);
replace into `tbl_channel`(`id`, `desc`, `platform_id`) values('110004', '游龙',                         21);
replace into `tbl_channel`(`id`, `desc`, `platform_id`) values('111226', '虫虫助手',                     21);
replace into `tbl_channel`(`id`, `desc`, `platform_id`) values('111314', '葡萄',                         21);
replace into `tbl_channel`(`id`, `desc`, `platform_id`) values('160086', '朋友玩',                       21);
replace into `tbl_channel`(`id`, `desc`, `platform_id`) values('160102', '啪啪游戏厅',                   22);
replace into `tbl_channel`(`id`, `desc`, `platform_id`) values('160125', '起点',                         21);
replace into `tbl_channel`(`id`, `desc`, `platform_id`) values('160136', '腾讯应用宝(YSDK)',             21);
replace into `tbl_channel`(`id`, `desc`, `platform_id`) values('160146', 'TT语音',                       21);
replace into `tbl_channel`(`id`, `desc`, `platform_id`) values('160159', '征游',                         21);
replace into `tbl_channel`(`id`, `desc`, `platform_id`) values('160160', '华为游戏中心',                 21);
replace into `tbl_channel`(`id`, `desc`, `platform_id`) values('160162', '小7手游(越狱)',                24);
replace into `tbl_channel`(`id`, `desc`, `platform_id`) values('160198', '小7手游(安卓)',                21);
replace into `tbl_channel`(`id`, `desc`, `platform_id`) values('500003', 'PP助手',                        0);
replace into `tbl_channel`(`id`, `desc`, `platform_id`) values('500004', 'iTools',                       24);
replace into `tbl_channel`(`id`, `desc`, `platform_id`) values('500015', '7659IOS',                      24);
replace into `tbl_channel`(`id`, `desc`, `platform_id`) values('500017', '海马助手',                      0);
replace into `tbl_channel`(`id`, `desc`, `platform_id`) values('500020', '爱思助手',                     24);
replace into `tbl_channel`(`id`, `desc`, `platform_id`) values('500026', 'AppStore',                     23);
replace into `tbl_channel`(`id`, `desc`, `platform_id`) values('500030', 'XY助手',                       24);
replace into `tbl_channel`(`id`, `desc`, `platform_id`) values('500035', '果盘越狱',                     24);
replace into `tbl_channel`(`id`, `desc`, `platform_id`) values('800002', 'AppStore_B1',                  23);
